﻿name,r_name,lon,lat
한옥마을노상,전주시 한옥마을노상,127.1545707,35.81440238
서신동 서신지구대,전주시 서신동 서신지구대,127.1114138,35.83541434
서신동,전주시 서신동,127.1144504,35.83159158
서부신시가지 농협중앙회,전주시 서부신시가지 농협중앙회,127.1078265,35.81762512
서부신시가지 홍산광장,전주시 서부신시가지 홍산광장,127.1076708,35.8164373
서부신시가지 KB은행,전주시 서부신시가지 KB은행,127.1078241,35.8151391
서부신시가지 도청옆,전주시 서부신시가지 도청옆,127.1101946,35.81761757
서부신시가지 비보이광장,전주시 서부신시가지 비보이광장,127.1103227,35.81641471
서부신시가지 시티병원,전주시 서부신시가지 시티병원,127.1101742,35.8151348
중화산2동,전주시 중화산2동,127.115212,35.81757823
효천지구 제1주차장,전주시 효천지구 제1주차장,127.101137,35.801729
삼천2동,전주시 삼천2동,127.1217302,35.796655
노송천 주차장,전주시 노송천 주차장,127.1423128,35.82690168
객리단길(거주자우선),전주시 객리단길(거주자우선),127.1405874,35.82007396
오거리,전주시 오거리,127.1451912,35.821232
한옥마을 제3주차장,전주시 한옥마을 제3주차장,127.1566663,35.81660036
한옥마을1,전주시 한옥마을1,127.1536774,35.81825046
한옥마을2,전주시 한옥마을2,127.152849,35.8183037
덕진광장,전주시 덕진광장,127.1240375,35.844154
하가지구 리드빌딩 옆,전주시 하가지구 리드빌딩 옆,127.111283,35.841311
만성지구 제1주차장,전주시 만성지구 제1주차장,127.078766,35.84280186
만성지구 제7주차장,전주시 만성지구 제7주차장,127.0738967,35.84477503
만성지구 제4주차장,전주시 만성지구 제4주차장,127.0715576,35.84271867
건산천1,전주시 건산천1,127.1370205,35.83202671
건산천2,전주시 건산천2,127.1347648,35.83294201
실내체육관,전주시 실내체육관,127.1292618,35.84420741
동물원,전주시 동물원,127.1440769,35.85730635
종합경기장,전주시 종합경기장,127.127127,35.84075454
서신동 에덴교회 앞,전주시 서신동 에덴교회 앞,127.109046,35.83452064
서부신시가지 서곡방면,전주시 서부신시가지 서곡방면,127.097802,35.828448
서부신시가지 마전,전주시 서부신시가지 마전,127.105126,35.827719
서부신시가지 예다움 원룸,전주시 서부신시가지 예다움 원룸,127.1013438,35.82167786
서부신시가지 여명교회 뒤,전주시 서부신시가지 여명교회 뒤,127.0961614,35.82063188
서부신시가지 전북경찰청옆,전주시 서부신시가지 전북경찰청옆,127.102945,35.82381032
서부신시가지 KT&G전북본부 옆,전주시 서부신시가지 KT&G전북본부 옆,127.102946,35.821745
서부신시가지 KBS옆,전주시 서부신시가지 KBS옆,127.1029617,35.82175841
서부신시가지 도청사거리,전주시 서부신시가지 도청사거리,127.1049814,35.81968124
중화산2동 공영주차장,전주시 중화산2동 공영주차장,127.1150869,35.82019278
정읍방면 만남의광장,전주시 정읍방면 만남의광장,127.0919307,35.801845
서부신시가지 전주대 원룸옆,전주시 서부신시가지 전주대 원룸옆,127.0949926,35.812987
서부신시가지 롯데마트뒤,전주시 서부신시가지 롯데마트뒤,127.1049332,35.81698805
서부신시가지 신한은행,전주시 서부신시가지 신한은행,127.1032854,35.81759828
서부신시가지 보훈청,전주시 서부신시가지 보훈청,127.1040361,35.815245
서부신시가지 전주대 신정문,전주시 서부신시가지 전주대 신정문,127.096657,35.81722291
서부신시가지 봉곡,전주시 서부신시가지 봉곡,127.1012547,35.81309018
서부신시가지 엘드아파트,전주시 서부신시가지 엘드아파트,127.109605,35.813169
이중본 뒤,전주시 이중본 뒤,127.122035,35.812818
모악산,전주시 모악산,127.0866859,35.75808408
효천지구 제3주차장,전주시 효천지구 제3주차장,127.1099378,35.80236741
신일강변 아파트 옆,전주시 신일강변 아파트 옆,127.1115246,35.79998774
태평동,전주시 태평동,127.137278,35.82245737
근영여고 앞,전주시 근영여고 앞,127.123426,35.817146
고사동 전주영화제작소 옆,전주시 고사동 전주영화제작소 옆,127.1427168,35.818312
서서학동 주민자치센터 뒤,전주시 서서학동 주민자치센터 뒤,127.149134,35.805569
서학동 예술마을,전주시 서학동 예술마을,127.1490068,35.80928232
평화2동 주차장,전주시 평화2동 주차장,127.1361042,35.79596451
한옥마을 대성주차장,전주시 한옥마을 대성주차장,127.1686811,35.80062313
색장동 만남의 광장,전주시 색장동 만남의 광장,127.1934289,35.788415
평화1동,전주시 평화1동,127.1436245,35.79612799
남노송동 주차장(기린대로변),전주시 남노송동 주차장(기린대로변),127.1536303,35.82032129
남노송동(병무청 맞은편),전주시 남노송동(병무청 맞은편),127.1548746,35.82131357
군산익산방면 만남의광장,전주시 군산익산방면 만남의광장,127.056677,35.8750205
호성동 만남의광장,전주시 호성동 만남의광장,127.147521,35.867441
무진장방면 만남의광장,전주시 무진장방면 만남의광장,127.1758765,35.84213528
여의동,전주시 여의동,127.0804613,35.86982778
팔복동주차장,전주시 팔복동주차장,127.106249,35.85595728
송천2동 시영아파트 앞,전주시 송천2동 시영아파트 앞,127.113119,35.868255
송천2동 주민자치센터 옆,전주시 송천2동 주민자치센터 옆,127.1152586,35.86493827
송천2동 용소초교 옆,전주시 송천2동 용소초교 옆,127.1180147,35.86135501
송천2동 공원,전주시 송천2동 공원,127.118132,35.864516
송천2동 농수산시장 안,전주시 송천2동 농수산시장 안,127.1164243,35.86825907
송천1동 송천도서관,전주시 송천1동 송천도서관,127.128111,35.869365
인후2동 건지,전주시 인후2동 건지,127.148226,35.8466072
하가지구 나그네교회 앞,전주시 하가지구 나그네교회 앞,127.131618,35.85339036
하가지구 소소빌딩 뒤,전주시 하가지구 소소빌딩 뒤,127.109772,35.846689
하가지구 초담불고기 뒤,전주시 하가지구 초담불고기 뒤,127.1097228,35.84584511
하가지구 하가홈마트 뒤,전주시 하가지구 하가홈마트 뒤,127.1097145,35.84330766
하가지구 풍경안경원 옆,전주시 하가지구 풍경안경원 옆,127.110542,35.8422224
가련산,전주시 가련산,127.120302,35.845469
인후2동 금평,전주시 인후2동 금평,127.1453213,35.8430137
인후2동 용수마을,전주시 인후2동 용수마을,127.1495961,35.84159498
인후2동,전주시 인후2동,127.1509653,35.84294667
인후1동 안골,전주시 인후1동 안골,127.154604,35.8355004
인후공원,전주시 인후공원,127.163767,35.84341911
도당산4길,전주시 도당산4길,127.1587594,35.84751636
아중지구 아중도서관(산림청 옆),전주시 아중지구 아중도서관(산림청 옆),127.1626078,35.82632995
인후3동 진버들,전주시 인후3동 진버들,127.164735,35.8363209
우아2동 아중택지 개발지구,전주시 우아2동 아중택지 개발지구,127.168407,35.837556
아중지구 롯데아파트옆,전주시 아중지구 롯데아파트옆,127.1706162,35.831586
아중지구 밀레니엄 옆,전주시 아중지구 밀레니엄 옆,127.172963,35.83152828
아중지구 부영아파트 옆,전주시 아중지구 부영아파트 옆,127.171632,35.825419
남부시장 주차장,전주시 남부시장 주차장,127.1475776,35.8127656
중앙주차장,전주시 중앙주차장,127.1397168,35.8181932
전주NC백화점 주차장,전주시 전주NC백화점 주차장,127.1450159,35.8193766
고사주차장 GS타임즈,전주시 고사주차장 GS타임즈,127.1431742,35.8216636
전주주차장,전주시 전주주차장,127.1415079,35.8187549
이화주차장,전주시 이화주차장,127.1389672,35.8198769
영빈주차장,전주시 영빈주차장,127.1465542,35.8181329
라한호텔 전주주차장,전주시 라한호텔 전주주차장,127.1540822,35.8170099
장미주차장,전주시 장미주차장,127.1416682,35.8182621
케이-주차장,전주시 케이-주차장,127.1204064,35.8345446
기린오피스텔 부설주차장,전주시 기린오피스텔 부설주차장,127.1437223,35.8199875
세이브존 전주주차장,전주시 세이브존 전주주차장,127.144834,35.8252987
완산주차장,전주시 완산주차장,127.1474103,35.8210655
남문주차장,전주시 남문주차장,127.1473393,35.8147739
코뎀주차장,전주시 코뎀주차장,127.1210204,35.8353711
홈플러스 전주효자점 주차장,전주시 홈플러스 전주효자점 주차장,127.1140752,35.806564
금일주차장,전주시 금일주차장,127.1489755,35.8245601
한옥마을 남선주차장,전주시 한옥마을 남선주차장,127.1487632,35.8117862
대우주차장,전주시 대우주차장,127.1414826,35.821008
청호주차장,전주시 청호주차장,127.1443235,35.8170787
풍남문 주차장,전주시 풍남문 주차장,127.1454032,35.8134947
팔달로 유료주차장,전주시 팔달로 유료주차장,127.1460495,35.8214416
효자주차장,전주시 효자주차장,127.1425224,35.8191975
해연주차장,전주시 해연주차장,127.1480944,35.8172136
KDB산업은행 전주지점 민영주차장,전주시 KDB산업은행 전주지점 민영주차장,127.1465008,35.8170552
GS타임즈 효자동제1주차장,전주시 GS타임즈 효자동제1주차장,127.1093825,35.8178812
한국교직원공제회 전북회관 주차장,전주시 한국교직원공제회 전북회관 주차장,127.1221734,35.8332948
유진주차장,전주시 유진주차장,127.130657,35.8371663
서야주차장,전주시 서야주차장,127.1413656,35.8141933
관통주차장,전주시 관통주차장,127.1421705,35.8173464
콩새 민영주차장,전주시 콩새 민영주차장,127.1471684,35.8162616
전주주차장,전주시 전주주차장,127.1456156,35.8228959
백화주차장,전주시 백화주차장,127.1434957,35.8145095
우도주차장,전주시 우도주차장,127.1426073,35.8175739
찬미타워 주차장,전주시 찬미타워 주차장,127.1250973,35.8454197
동아주차장,전주시 동아주차장,127.1472656,35.825799
KT전주빌딩 주차장,전주시 KT전주빌딩 주차장,127.14801,35.8193203
서도프라자 주차장,전주시 서도프라자 주차장,127.1144854,35.805489
기은주차장,전주시 기은주차장,127.146959,35.8173201
아주주차장,전주시 아주주차장,127.1489307,35.8222236
파킹24 제2주차장,전주시 파킹24 제2주차장,127.105513,35.8151883
휴림 집앤주차장지점,전주시 휴림 집앤주차장지점,127.1408822,35.8181871
대신빌딩 주차장,전주시 대신빌딩 주차장,127.1055241,35.815977
청호 민영주차장,전주시 청호 민영주차장,127.1440977,35.8171835
상록덕진지점 주차장,전주시 상록덕진지점 주차장,127.1357714,35.8357881
에스에스 주차장,전주시 에스에스 주차장,127.1198491,35.8345946
오부자 주차장,전주시 오부자 주차장,127.1440593,35.8162224
대동주차장,전주시 대동주차장,127.1407744,35.8146343
노송컨설팅 주차장,전주시 노송컨설팅 주차장,127.1465057,35.8247238
서희스타힐스 주차장,전주시 서희스타힐스 주차장,127.1080018,35.8149502
양지주차장,전주시 양지주차장,127.1193127,35.8396587
화산주차장,전주시 화산주차장,127.117877,35.8245676
국도주차장,전주시 국도주차장,127.1431165,35.8186961
IBK기업은행 민영주차장,전주시 IBK기업은행 민영주차장,127.146959,35.8173201
크리스탈 주차장,전주시 크리스탈 주차장,127.1275177,35.8054257
해피트리 민영주차장,전주시 해피트리 민영주차장,127.1343073,35.8293872
하나주차장,전주시 하나주차장,127.130261,35.8380593
전주삼천신협 주차장,전주시 전주삼천신협 주차장,127.1198797,35.7980765
롯데슈터효자점 주차장,전주시 롯데슈터효자점 주차장,127.1265232,35.8054167
할리스 주차장,전주시 할리스 주차장,127.1412554,35.8207252
동아유료주차장,전주시 동아유료주차장,127.1221084,35.8057243
뱅뱅유료주차장,전주시 뱅뱅유료주차장,127.1319277,35.7938623
보화당 주차장,전주시 보화당 주차장,127.1429051,35.8148883
전북_49하나쇼핑주차장,전주시 전북_49하나쇼핑주차장,127.0770935,35.8708512
계성이지움빌딩 주차장,전주시 계성이지움빌딩 주차장,127.1064621,35.8155117
우리은행 전주금융센터 주차장,전주시 우리은행 전주금융센터 주차장,127.1472715,35.8165589
영원주차장,전주시 영원주차장,127.1422352,35.8151314
샤인주차장,전주시 샤인주차장,127.0988838,35.8026277
모악산한우 전용주차장,전주시 모악산한우 전용주차장,127.1302588,35.7910769
전주 스카이락 민영주차장,전주시 전주 스카이락 민영주차장,127.1343073,35.8293872
에스디빌딩 주차장,전주시 에스디빌딩 주차장,127.1047215,35.8179444
전주영생교회 주차장,전주시 전주영생교회 주차장,127.1162709,35.7970281
파크볼링장 전용주차장,전주시 파크볼링장 전용주차장,127.1220639,35.8457464
지에스파크 전주누가빌딩주차장,전주시 지에스파크 전주누가빌딩주차장,127.1198797,35.7980765
해피드림 민영주차장,전주시 해피드림 민영주차장,127.1198797,35.7980765
안행유료주차장,전주시 안행유료주차장,127.1298452,35.8005989
동승빌딩 주차장,전주시 동승빌딩 주차장,127.1207274,35.8403568
전주전자상가상인회 주차장,전주시 전주전자상가상인회 주차장,127.1386873,35.8319533
지음빌딩 전용주차장,전주시 지음빌딩 전용주차장,127.1195252,35.8556854
명성교회 주차장,전주시 명성교회 주차장,127.128617,35.8014246
금성장례식장 주차장,전주시 금성장례식장 주차장,127.1047175,35.8691531
안행유료주차장,전주시 안행유료주차장,127.1298452,35.8005989
삼삼국수 전용주차장,전주시 삼삼국수 전용주차장,127.1148254,35.7995753
서전빌딩 주차장,전주시 서전빌딩 주차장,127.1184987,35.8121774
명성교회 2주차장,전주시 명성교회 2주차장,127.1287154,35.8013289
법조주차장,전주시 법조주차장,127.1214106,35.8383677
환영주차장,전주시 환영주차장,127.1310881,35.8374209
제일시엔지에너지,전주시 제일시엔지에너지,127.120252,35.7836217
현대씨앤알,전주시 현대씨앤알,127.1468352,35.8242376
한국주차안전기술원,전주시 한국주차안전기술원,127.131841,35.8396399
코튼클럽전주점,전주시 코튼클럽전주점,127.1047215,35.8179444
대광주차장,전주시 대광주차장,127.0942262,35.9078166
