﻿구분,name,r_name,lon,lat,도,시,구,동,번지,번지2,_ROAD_AD
주차장,한옥마을노상,전주시 한옥마을노상,127.1545707,35.81440238,전라북도,전주시,완산구,교동,65-67,,전라북도 전주시 완산구 기린대로 55
주차장,서신동 서신지구대,전주시 서신동 서신지구대,127.1114138,35.83541434,전라북도,전주시,완산구,서신동,940-1,,전라북도 전주시 완산구 새터로 46
주차장,서신동,전주시 서신동,127.1144504,35.83159158,전라북도,전주시,완산구,서신동,795,,전라북도 전주시 완산구 당산로 56
주차장,서부신시가지 농협중앙회,전주시 서부신시가지 농협중앙회,127.1078265,35.81762512,전라북도,전주시,완산구,효자동3가,1529-12,,전라북도 전주시 완산구 효자동3가 홍산북로 53
주차장,서부신시가지 홍산광장,전주시 서부신시가지 홍산광장,127.1076708,35.8164373,전라북도,전주시,완산구,효자동3가,1533-13,,전라북도 전주시 완산구 효자동3가 홍산남로 45-20
주차장,서부신시가지 KB은행,전주시 서부신시가지 KB은행,127.1078241,35.8151391,전라북도,전주시,완산구,효자동2가,1156-2,,전라북도 전주시 완산구 효자동2가 홍산1길 4-13
주차장,서부신시가지 도청옆,전주시 서부신시가지 도청옆,127.1101946,35.81761757,전라북도,전주시,완산구,효자동3가,1530-8,,전라북도 전주시 완산구 효자동3가 홍산북로 75
주차장,서부신시가지 비보이광장,전주시 서부신시가지 비보이광장,127.1103227,35.81641471,전라북도,전주시,완산구,효자동3가,1538-9,,전라북도 전주시 완산구 효자동3가 홍산남로 83-17
주차장,서부신시가지 시티병원,전주시 서부신시가지 시티병원,127.1101742,35.8151348,전라북도,전주시,완산구,효자동3가,1543-3,,전라북도 전주시 완산구 효자동3가 홍산2길 5-12
주차장,중화산2동,전주시 중화산2동,127.115212,35.81757823,전라북도,전주시,완산구,중화산동2가,486-2,,전라북도 전주시 완산구 중화산동2가 신촌3길 28-4
주차장,효천지구 제1주차장,전주시 효천지구 제1주차장,127.101137,35.801729,전라북도,전주시,완산구,효자동2가,1359-3,,전라북도 전주시 완산구 효자동2가 쑥고개로 326
주차장,삼천2동,전주시 삼천2동,127.1217302,35.796655,전라북도,전주시,완산구,삼천동1가,632-5,,전라북도 전주시 완산구 삼천동1가 상거마4길 24
주차장,노송천 주차장,전주시 노송천 주차장,127.1423128,35.82690168,전라북도,전주시,완산구,서노송동,655-23,,전라북도 전주시 완산구 노송여울2길 108
주차장,객리단길(거주자우선),전주시 객리단길(거주자우선),127.1405874,35.82007396,전라북도,전주시,완산구,고사동,340-1,,전라북도 전주시 완산구 전주객사2길 74
주차장,오거리,전주시 오거리,127.1451912,35.821232,전라북도,전주시,완산구,고사동,11월 08일,,전라북도 전주시 완산구 팔달로 217-21
주차장,한옥마을 제3주차장,전주시 한옥마을 제3주차장,127.1566663,35.81660036,전라북도,전주시,완산구,풍남동3가,1,,전라북도 전주시 완산구 풍남동3가 간납로 20
주차장,한옥마을1,전주시 한옥마을1,127.1536774,35.81825046,전라북도,전주시,완산구,남노송동,100-9,,전라북도 전주시 완산구 기린대로 99
주차장,한옥마을2,전주시 한옥마을2,127.152849,35.8183037,전라북도,전주시,완산구,풍남동2가,Jan-44,,전라북도 전주시 완산구 풍남동2가 한지길 42-10
주차장,덕진광장,전주시 덕진광장,127.1240375,35.844154,전라북도,전주시,덕진구,덕진동1가,1278-2,,전라북도 전주시 덕진구 덕진동1가 덕진광장로 1-7
주차장,하가지구 리드빌딩 옆,전주시 하가지구 리드빌딩 옆,127.111283,35.841311,전라북도,전주시,덕진구,덕진동2가,694-2,,전라북도 전주시 덕진구 덕진동2가 가련산로 20
주차장,만성지구 제1주차장,전주시 만성지구 제1주차장,127.078766,35.84280186,전라북도,전주시,덕진구,만성동,1372-7,,전라북도 전주시 덕진구 만성중앙로 53-46
주차장,만성지구 제7주차장,전주시 만성지구 제7주차장,127.0738967,35.84477503,전라북도,전주시,덕진구,만성동,1364-3,,전라북도 전주시 덕진구 만성중앙로 17-45
주차장,만성지구 제4주차장,전주시 만성지구 제4주차장,127.0715576,35.84271867,전라북도,전주시,덕진구,만성동,1265-1,,전라북도 전주시 덕진구 가인로 12
주차장,건산천1,전주시 건산천1,127.1370205,35.83202671,전라북도,전주시,덕진구,진북동,390-5,,전라북도 전주시 덕진구 팔달로 357-23
주차장,건산천2,전주시 건산천2,127.1347648,35.83294201,전라북도,전주시,덕진구,금암동,456-12,,전라북도 전주시 덕진구 태진로 125-22
주차장,실내체육관,전주시 실내체육관,127.1292618,35.84420741,전라북도,전주시,덕진구,덕진동1가,664-14,,전라북도 전주시 덕진구 덕진동1가 권삼득로 308
주차장,동물원,전주시 동물원,127.1440769,35.85730635,전라북도,전주시,덕진구,덕진동1가,산,Aug-36,전라북도 전주시 덕진구 덕진동1가 소리로 104
주차장,종합경기장,전주시 종합경기장,127.127127,35.84075454,전라북도,전주시,덕진구,덕진동1가,1282-23,,전라북도 전주시 덕진구 덕진동1가 기린대로 451
주차장,서신동 에덴교회 앞,전주시 서신동 에덴교회 앞,127.109046,35.83452064,전라북도,전주시,완산구,서신동,957-6,,전라북도 전주시 완산구 고사평1길 3
주차장,서부신시가지 서곡방면,전주시 서부신시가지 서곡방면,127.097802,35.828448,전라북도,전주시,완산구,효자동3가,1589-5,,전라북도 전주시 완산구 효자동3가 황강서원1길 7
주차장,서부신시가지 마전,전주시 서부신시가지 마전,127.105126,35.827719,전라북도,전주시,완산구,효자동3가,1610-7,,전라북도 전주시 완산구 효자동3가 문학대5길 31-3
주차장,서부신시가지 예다움 원룸,전주시 서부신시가지 예다움 원룸,127.1013438,35.82167786,전라북도,전주시,완산구,효자동3가,1666-5,,전라북도 전주시 완산구 효자동3가 척동4길 16-8
주차장,서부신시가지 여명교회 뒤,전주시 서부신시가지 여명교회 뒤,127.0961614,35.82063188,전라북도,전주시,완산구,효자동3가,1675-2,,전라북도 전주시 완산구 효자동3가 배학5길 7
주차장,서부신시가지 전북경찰청옆,전주시 서부신시가지 전북경찰청옆,127.102945,35.82381032,전라북도,전주시,완산구,효자동3가,1632-5,,전라북도 전주시 완산구 효자동3가 마전3길 12
주차장,서부신시가지 KT&G전북본부 옆,전주시 서부신시가지 KT&G전북본부 옆,127.102946,35.821745,전라북도,전주시,완산구,효자동3가,1647-9,,전라북도 전주시 완산구 효자동3가 마전1길 12-3
주차장,서부신시가지 KBS옆,전주시 서부신시가지 KBS옆,127.1029617,35.82175841,전라북도,전주시,완산구,효자동3가,1647-9,,전라북도 전주시 완산구 효자동3가 마전1길 12-3
주차장,서부신시가지 도청사거리,전주시 서부신시가지 도청사거리,127.1049814,35.81968124,전라북도,전주시,완산구,효자동3가,1696-7,,전라북도 전주시 완산구 효자동3가 석산2길 7
주차장,중화산2동 공영주차장,전주시 중화산2동 공영주차장,127.1150869,35.82019278,전라북도,전주시,완산구,중화산동2가,762-2,,전라북도 전주시 완산구 중화산동2가 화산천변3길 11-3
주차장,정읍방면 만남의광장,전주시 정읍방면 만남의광장,127.0919307,35.801845,전라북도,전주시,완산구,효자동2가,925-1,,전라북도 전주시 완산구 효자동2가 한절길 55
주차장,서부신시가지 전주대 원룸옆,전주시 서부신시가지 전주대 원룸옆,127.0949926,35.812987,전라북도,전주시,완산구,효자동3가,1725-2,,전라북도 전주시 완산구 효자동3가 봉곡2길 17-4
주차장,서부신시가지 롯데마트뒤,전주시 서부신시가지 롯데마트뒤,127.1049332,35.81698805,전라북도,전주시,완산구,효자동2가,1237-4,,전라북도 전주시 완산구 효자동2가 바우배기2길 27
주차장,서부신시가지 신한은행,전주시 서부신시가지 신한은행,127.1032854,35.81759828,전라북도,전주시,완산구,효자동2가,1229-6,,전라북도 전주시 완산구 효자동2가 홍산북로 13
주차장,서부신시가지 보훈청,전주시 서부신시가지 보훈청,127.1040361,35.815245,전라북도,전주시,완산구,효자동2가,1243-3,,전라북도 전주시 완산구 효자동2가 바우배기1길 13-16
주차장,서부신시가지 전주대 신정문,전주시 서부신시가지 전주대 신정문,127.096657,35.81722291,전라북도,전주시,완산구,효자동3가,1712-9,,전라북도 전주시 완산구 효자동3가 농소6길 3-5
주차장,서부신시가지 봉곡,전주시 서부신시가지 봉곡,127.1012547,35.81309018,전라북도,전주시,완산구,효자동2가,1251-1,,전라북도 전주시 완산구 효자동2가 봉곡1길 42-4
주차장,서부신시가지 엘드아파트,전주시 서부신시가지 엘드아파트,127.109605,35.813169,전라북도,전주시,완산구,효자동2가,1165-1,,전라북도 전주시 완산구 효자동2가 범안1길 7-27
주차장,이중본 뒤,전주시 이중본 뒤,127.122035,35.812818,전라북도,전주시,완산구,중화산동2가,531-3,,전라북도 전주시 완산구 중화산동2가 산월1길 10
주차장,모악산,전주시 모악산,127.0866859,35.75808408,전라북도,전주시,완산구,중인동,1318-11,,전라북도 전주시 완산구 중인1길 254
주차장,효천지구 제3주차장,전주시 효천지구 제3주차장,127.1099378,35.80236741,전라북도,전주시,완산구,효자동2가,1374-4,,전라북도 전주시 완산구 효자동2가 쑥고개로 398-27
주차장,신일강변 아파트 옆,전주시 신일강변 아파트 옆,127.1115246,35.79998774,전라북도,전주시,완산구,삼천동1가,723-2,,전라북도 전주시 완산구 삼천동1가 강변로 96
주차장,태평동,전주시 태평동,127.137278,35.82245737,전라북도,전주시,완산구,태평동,210,,전라북도 전주시 완산구 태진로 17
주차장,근영여고 앞,전주시 근영여고 앞,127.123426,35.817146,전라북도,전주시,완산구,중화산동2가,651,,전라북도 전주시 완산구 중화산동2가 백제대로 270
주차장,고사동 전주영화제작소 옆,전주시 고사동 전주영화제작소 옆,127.1427168,35.818312,전라북도,전주시,완산구,고사동,431-1,,전라북도 전주시 완산구 전주객사3길 22
주차장,서서학동 주민자치센터 뒤,전주시 서서학동 주민자치센터 뒤,127.149134,35.805569,전라북도,전주시,완산구,서서학동,955-49,,전라북도 전주시 완산구 팔달로 39-21
주차장,서학동 예술마을,전주시 서학동 예술마을,127.1490068,35.80928232,전라북도,전주시,완산구,서서학동,967,,전라북도 전주시 완산구 공수내로 67
주차장,평화2동 주차장,전주시 평화2동 주차장,127.1361042,35.79596451,전라북도,전주시,완산구,평화동1가,718-2,,전라북도 전주시 완산구 평화동1가 평화로 217
주차장,한옥마을 대성주차장,전주시 한옥마을 대성주차장,127.1686811,35.80062313,전라북도,전주시,완산구,대성동,344-32,,전라북도 전주시 완산구 춘향로 5299
주차장,색장동 만남의 광장,전주시 색장동 만남의 광장,127.1934289,35.788415,전라북도,전주시,완산구,색장동,583-3,,전라북도 전주시 완산구 부남길 24
주차장,평화1동,전주시 평화1동,127.1436245,35.79612799,전라북도,전주시,완산구,평화동1가,448-8,,전라북도 전주시 완산구 평화동1가 덕적골3길 51-1
주차장,남노송동 주차장(기린대로변),전주시 남노송동 주차장(기린대로변),127.1536303,35.82032129,전라북도,전주시,완산구,남노송동,519-64,,전라북도 전주시 완산구 기린대로 126
주차장,남노송동(병무청 맞은편),전주시 남노송동(병무청 맞은편),127.1548746,35.82131357,전라북도,전주시,완산구,남노송동,517-6,,전라북도 전주시 완산구 관선3길 17-6
주차장,군산익산방면 만남의광장,전주시 군산익산방면 만남의광장,127.056677,35.8750205,전라북도,전주시,덕진구,용정동,Jan-50,,전라북도 전주시 덕진구 번영로 453
주차장,호성동 만남의광장,전주시 호성동 만남의광장,127.147521,35.867441,전라북도,전주시,덕진구,호성동2가,631-12,,전라북도 전주시 덕진구 호성동2가 완주로 6
주차장,무진장방면 만남의광장,전주시 무진장방면 만남의광장,127.1758765,35.84213528,전라북도,전주시,덕진구,산정동,325-9,,전라북도 전주시 덕진구 금상길 27
주차장,여의동,전주시 여의동,127.0804613,35.86982778,전라북도,전주시,덕진구,여의동2가,608,,전라북도 전주시 덕진구 여의동2가 덕용1길 25-14
주차장,팔복동주차장,전주시 팔복동주차장,127.106249,35.85595728,전라북도,전주시,덕진구,팔복동1가,288-2,,전라북도 전주시 덕진구 팔복동1가 신복5길 27-12
주차장,송천2동 시영아파트 앞,전주시 송천2동 시영아파트 앞,127.113119,35.868255,전라북도,전주시,덕진구,송천동2가,606-10,,전라북도 전주시 덕진구 송천동2가 와룡로 97-14
주차장,송천2동 주민자치센터 옆,전주시 송천2동 주민자치센터 옆,127.1152586,35.86493827,전라북도,전주시,덕진구,송천동1가,830-2,,전라북도 전주시 덕진구 송천동1가 두간11길 3-4
주차장,송천2동 용소초교 옆,전주시 송천2동 용소초교 옆,127.1180147,35.86135501,전라북도,전주시,덕진구,송천동1가,845-11,,전라북도 전주시 덕진구 송천동1가 송천3길 30-34
주차장,송천2동 공원,전주시 송천2동 공원,127.118132,35.864516,전라북도,전주시,덕진구,송천동1가,819-1,,전라북도 전주시 덕진구 송천동1가 두간5길 9
주차장,송천2동 농수산시장 안,전주시 송천2동 농수산시장 안,127.1164243,35.86825907,전라북도,전주시,덕진구,송천동2가,597-14,,전라북도 전주시 덕진구 송천동2가 시천로 96-19
주차장,송천1동 송천도서관,전주시 송천1동 송천도서관,127.128111,35.869365,전라북도,전주시,덕진구,송천동2가,168-5,,전라북도 전주시 덕진구 송천동2가 솔내로 212
주차장,인후2동 건지,전주시 인후2동 건지,127.148226,35.8466072,전라북도,전주시,덕진구,인후동2가,1559-15,,전라북도 전주시 덕진구 인후동2가 백동로 14-7
주차장,하가지구 나그네교회 앞,전주시 하가지구 나그네교회 앞,127.131618,35.85339036,전라북도,전주시,덕진구,덕진동1가,653-1,,전라북도 전주시 덕진구 덕진동1가 연화길 19
주차장,하가지구 소소빌딩 뒤,전주시 하가지구 소소빌딩 뒤,127.109772,35.846689,전라북도,전주시,덕진구,덕진동2가,654-7,,전라북도 전주시 덕진구 덕진동2가 가리내3길 16-1
주차장,하가지구 초담불고기 뒤,전주시 하가지구 초담불고기 뒤,127.1097228,35.84584511,전라북도,전주시,덕진구,덕진동2가,663-1,,전라북도 전주시 덕진구 덕진동2가 가리내6길 16-11
주차장,하가지구 하가홈마트 뒤,전주시 하가지구 하가홈마트 뒤,127.1097145,35.84330766,전라북도,전주시,덕진구,덕진동2가,673-3,,전라북도 전주시 덕진구 덕진동2가 가리내8길 19
주차장,하가지구 풍경안경원 옆,전주시 하가지구 풍경안경원 옆,127.110542,35.8422224,전라북도,전주시,덕진구,덕진동2가,677-6,,전라북도 전주시 덕진구 덕진동2가 가리내10길 12-1
주차장,가련산,전주시 가련산,127.120302,35.845469,전라북도,전주시,덕진구,덕진동1가,1357-1,,전라북도 전주시 덕진구 덕진동1가 기린대로 535
주차장,인후2동 금평,전주시 인후2동 금평,127.1453213,35.8430137,전라북도,전주시,덕진구,인후동2가,1537-1,,전라북도 전주시 덕진구 인후동2가 명주1길 9
주차장,인후2동 용수마을,전주시 인후2동 용수마을,127.1495961,35.84159498,전라북도,전주시,덕진구,인후동2가,63-280,,전라북도 전주시 덕진구 인후동2가 거북바우로 124-15
주차장,인후2동,전주시 인후2동,127.1509653,35.84294667,전라북도,전주시,덕진구,인후동2가,1548-6,,전라북도 전주시 덕진구 인후동2가 거북바우로 142
주차장,인후1동 안골,전주시 인후1동 안골,127.154604,35.8355004,전라북도,전주시,덕진구,인후동1가,781-1,,전라북도 전주시 덕진구 인후동1가 팽나무4길 11
주차장,인후공원,전주시 인후공원,127.163767,35.84341911,전라북도,전주시,덕진구,우아동3가,285-8,,전라북도 전주시 덕진구 우아동3가 안덕원2길 10
주차장,도당산4길,전주시 도당산4길,127.1587594,35.84751636,전라북도,전주시,덕진구,우아동3가,752-29,,전라북도 전주시 덕진구 우아동3가 도당산4길 24
주차장,아중지구 아중도서관(산림청 옆),전주시 아중지구 아중도서관(산림청 옆),127.1626078,35.82632995,전라북도,전주시,덕진구,인후동1가,907-1,,전라북도 전주시 덕진구 인후동1가 무삼지2길 7
주차장,인후3동 진버들,전주시 인후3동 진버들,127.164735,35.8363209,전라북도,전주시,덕진구,인후동1가,807-5,,전라북도 전주시 덕진구 인후동1가 진버들5길 15
주차장,우아2동 아중택지 개발지구,전주시 우아2동 아중택지 개발지구,127.168407,35.837556,전라북도,전주시,덕진구,산정동,864-1,,전라북도 전주시 덕진구 산정1길 18
주차장,아중지구 롯데아파트옆,전주시 아중지구 롯데아파트옆,127.1706162,35.831586,전라북도,전주시,덕진구,우아동2가,889,,전라북도 전주시 덕진구 우아동2가 정언신로 151
주차장,아중지구 밀레니엄 옆,전주시 아중지구 밀레니엄 옆,127.172963,35.83152828,전라북도,전주시,덕진구,우아동2가,920-3,,전라북도 전주시 덕진구 우아동2가 정언신로 178
주차장,아중지구 부영아파트 옆,전주시 아중지구 부영아파트 옆,127.171632,35.825419,전라북도,전주시,덕진구,우아동1가,1101-2,,전라북도 전주시 덕진구 우아동1가 인교6길 13
주차장,남부시장 주차장,전주시 남부시장 주차장,127.1475776,35.8127656,전라북도,전주시,완산구,전동,295-4,,전라북도 전주시 완산구 풍남문1길 19-3
주차장,중앙주차장,전주시 중앙주차장,127.1397168,35.8181932,전라북도,전주시,완산구,다가동3가,Apr-43,,전라북도 전주시 완산구 다가동3가 전주객사1길 36
주차장,전주NC백화점 주차장,전주시 전주NC백화점 주차장,127.1450159,35.8193766,전라북도,전주시,완산구,고사동,Mar-95,,전라북도 전주시 완산구 전주객사5길 21-8
주차장,고사주차장 GS타임즈,전주시 고사주차장 GS타임즈,127.1431742,35.8216636,전라북도,전주시,완산구,고사동,250-1,,전라북도 전주시 완산구 전주객사4길 84-1
주차장,전주주차장,전주시 전주주차장,127.1415079,35.8187549,전라북도,전주시,완산구,고사동,477-1,,전라북도 전주시 완산구 전주객사3길 35-6
주차장,이화주차장,전주시 이화주차장,127.1389672,35.8198769,전라북도,전주시,완산구,다가동4가,39,,전라북도 전주시 완산구 다가동4가 전주객사1길 80-5
주차장,영빈주차장,전주시 영빈주차장,127.1465542,35.8181329,전라북도,전주시,완산구,경원동1가,84,,전라북도 전주시 완산구 경원동1가 팔달로 177-1
주차장,라한호텔 전주주차장,전주시 라한호텔 전주주차장,127.1540822,35.8170099,전라북도,전주시,완산구,풍남동3가,05월 26일,,전라북도 전주시 완산구 풍남동3가 기린대로 85
주차장,장미주차장,전주시 장미주차장,127.1416682,35.8182621,전라북도,전주시,완산구,고사동,463,,전라북도 전주시 완산구 전주객사3길 25-20
주차장,케이-주차장,전주시 케이-주차장,127.1204064,35.8345446,전라북도,전주시,완산구,서신동,969-8,,전라북도 전주시 완산구 온고을로 30-18
주차장,기린오피스텔 부설주차장,전주시 기린오피스텔 부설주차장,127.1437223,35.8199875,전라북도,전주시,완산구,고사동,155-1,,전라북도 전주시 완산구 전주객사4길 46
주차장,세이브존 전주주차장,전주시 세이브존 전주주차장,127.144834,35.8252987,전라북도,전주시,완산구,서노송동,627-1,,전라북도 전주시 완산구 노송여울2길 46
주차장,완산주차장,전주시 완산주차장,127.1474103,35.8210655,전라북도,전주시,완산구,경원동3가,05월 30일,,전라북도 전주시 완산구 경원동3가 현무1길 25
주차장,남문주차장,전주시 남문주차장,127.1473393,35.8147739,전라북도,전주시,완산구,전동,109-1,,전라북도 전주시 완산구 풍남문3길 24
주차장,코뎀주차장,전주시 코뎀주차장,127.1210204,35.8353711,전라북도,전주시,완산구,서신동,968-5,,전라북도 전주시 완산구 여울로 17-8
주차장,홈플러스 전주효자점 주차장,전주시 홈플러스 전주효자점 주차장,127.1140752,35.806564,전라북도,전주시,완산구,효자동1가,431-5,,전라북도 전주시 완산구 효자동1가 용머리로 31
주차장,금일주차장,전주시 금일주차장,127.1489755,35.8245601,전라북도,전주시,완산구,서노송동,578-7,,전라북도 전주시 완산구 권삼득로 29-7
주차장,한옥마을 남선주차장,전주시 한옥마을 남선주차장,127.1487632,35.8117862,전라북도,전주시,완산구,전동,275-2,,전라북도 전주시 완산구 전주천동로 112
주차장,대우주차장,전주시 대우주차장,127.1414826,35.821008,전라북도,전주시,완산구,고사동,296-6,,전라북도 전주시 완산구 전주객사3길 86
주차장,청호주차장,전주시 청호주차장,127.1443235,35.8170787,전라북도,전주시,완산구,중앙동2가,03월 16일,,전라북도 전주시 완산구 중앙동2가 전라감영4길 17-2
주차장,풍남문 주차장,전주시 풍남문 주차장,127.1454032,35.8134947,전라북도,전주시,완산구,전동3가,Feb-34,,전라북도 전주시 완산구 전동3가 풍남문4길 11-2
주차장,팔달로 유료주차장,전주시 팔달로 유료주차장,127.1460495,35.8214416,전라북도,전주시,완산구,경원동3가,Oct-33,,전라북도 전주시 완산구 경원동3가 팔달로 214
주차장,효자주차장,전주시 효자주차장,127.1425224,35.8191975,전라북도,전주시,완산구,고사동,396-2,,전라북도 전주시 완산구 전주객사3길 46-10
주차장,해연주차장,전주시 해연주차장,127.1480944,35.8172136,전라북도,전주시,완산구,경원동1가,110-8,,전라북도 전주시 완산구 경원동1가 전동성당길 38-15
주차장,KDB산업은행 전주지점 민영주차장,전주시 KDB산업은행 전주지점 민영주차장,127.1465008,35.8170552,전라북도,전주시,완산구,경원동1가,103,,전라북도 전주시 완산구 경원동1가 전라감영5길 18
주차장,GS타임즈 효자동제1주차장,전주시 GS타임즈 효자동제1주차장,127.1093825,35.8178812,전라북도,전주시,완산구,효자동3가,1528-14,,전라북도 전주시 완산구 효자동3가 홍산중앙로 46
주차장,한국교직원공제회 전북회관 주차장,전주시 한국교직원공제회 전북회관 주차장,127.1221734,35.8332948,전라북도,전주시,완산구,서신동,769-1,,전라북도 전주시 완산구 온고을로 1
주차장,유진주차장,전주시 유진주차장,127.130657,35.8371663,전라북도,전주시,덕진구,금암동,754-6,,전라북도 전주시 덕진구 전주천동로 499
주차장,서야주차장,전주시 서야주차장,127.1413656,35.8141933,전라북도,전주시,완산구,다가동2가,Feb-87,,전라북도 전주시 완산구 다가동2가 전라감영로 14-1
주차장,관통주차장,전주시 관통주차장,127.1421705,35.8173464,전라북도,전주시,완산구,중앙동1가,08월 07일,,전라북도 전주시 완산구 중앙동1가 충경로 25
주차장,콩새 민영주차장,전주시 콩새 민영주차장,127.1471684,35.8162616,전라북도,전주시,완산구,경원동1가,104-26,,전라북도 전주시 완산구 경원동1가 팔달로 157-5
주차장,전주주차장,전주시 전주주차장,127.1456156,35.8228959,전라북도,전주시,완산구,서노송동,614-3,,전라북도 전주시 완산구 팔달로 232
주차장,백화주차장,전주시 백화주차장,127.1434957,35.8145095,전라북도,전주시,완산구,중앙동4가,31-22,,전라북도 전주시 완산구 중앙동4가 풍남문2길 124-1
주차장,우도주차장,전주시 우도주차장,127.1426073,35.8175739,전라북도,전주시,완산구,중앙동1가,02월 01일,,전라북도 전주시 완산구 중앙동1가 전주객사3길 3
주차장,찬미타워 주차장,전주시 찬미타워 주차장,127.1250973,35.8454197,전라북도,전주시,덕진구,덕진동1가,1315-23,,전라북도 전주시 덕진구 덕진동1가 권삼득로 343
주차장,동아주차장,전주시 동아주차장,127.1472656,35.825799,전라북도,전주시,완산구,서노송동,568-119,,전라북도 전주시 완산구 기린대로 210
주차장,KT전주빌딩 주차장,전주시 KT전주빌딩 주차장,127.14801,35.8193203,전라북도,전주시,완산구,경원동3가,Jan-70,,전라북도 전주시 완산구 경원동1가 현무1길 9
주차장,서도프라자 주차장,전주시 서도프라자 주차장,127.1144854,35.805489,전라북도,전주시,완산구,효자동1가,454-1,,전라북도 전주시 완산구 효자동1가 용머리로 36
주차장,기은주차장,전주시 기은주차장,127.146959,35.8173201,전라북도,전주시,완산구,경원동1가,106,,전라북도 전주시 완산구 경원동1가 팔달로 163
주차장,아주주차장,전주시 아주주차장,127.1489307,35.8222236,전라북도,전주시,완산구,경원동3가,210,,전라북도 전주시 완산구 경원동3가 현무3길 77-9
주차장,파킹24 제2주차장,전주시 파킹24 제2주차장,127.105513,35.8151883,전라북도,전주시,완산구,효자동2가,1244-2,,전라북도 전주시 완산구 효자동2가 홍산로 237
주차장,휴림 집앤주차장지점,전주시 휴림 집앤주차장지점,127.1408822,35.8181871,전라북도,전주시,완산구,고사동,460-3,,전라북도 전주시 완산구 전주객사2길 30
주차장,대신빌딩 주차장,전주시 대신빌딩 주차장,127.1055241,35.815977,전라북도,전주시,완산구,효자동2가,1239-5,,전라북도 전주시 완산구 효자동2가 홍산로 249
주차장,청호 민영주차장,전주시 청호 민영주차장,127.1440977,35.8171835,전라북도,전주시,완산구,중앙동2가,07월 22일,,전라북도 전주시 완산구 중앙동2가 전라감영4길 19-4
주차장,상록덕진지점 주차장,전주시 상록덕진지점 주차장,127.1357714,35.8357881,전라북도,전주시,덕진구,금암동,482-4,,전라북도 전주시 덕진구 기린대로 364-8
주차장,에스에스 주차장,전주시 에스에스 주차장,127.1198491,35.8345946,전라북도,전주시,완산구,서신동,967-5,,전라북도 전주시 완산구 온고을로 30-30
주차장,오부자 주차장,전주시 오부자 주차장,127.1440593,35.8162224,전라북도,전주시,완산구,중앙동2가,Feb-57,,전라북도 전주시 완산구 중앙동4가 전라감영3길 10-13
주차장,대동주차장,전주시 대동주차장,127.1407744,35.8146343,전라북도,전주시,완산구,다가동2가,100-1,,전라북도 전주시 완산구 다가동2가 전라감영1길 3-4
주차장,노송컨설팅 주차장,전주시 노송컨설팅 주차장,127.1465057,35.8247238,전라북도,전주시,완산구,서노송동,619-1,,전라북도 전주시 완산구 노송광장로 41
주차장,서희스타힐스 주차장,전주시 서희스타힐스 주차장,127.1080018,35.8149502,전라북도,전주시,완산구,효자동2가,1156-8,,전라북도 전주시 완산구 효자동2가 홍산1길 10
주차장,양지주차장,전주시 양지주차장,127.1193127,35.8396587,전라북도,전주시,덕진구,덕진동1가,1420,,전라북도 전주시 덕진구 덕진동1가 사평로 17
주차장,화산주차장,전주시 화산주차장,127.117877,35.8245676,전라북도,전주시,완산구,중화산동2가,732-3,,전라북도 전주시 완산구 중화산동2가 중화산로 158
주차장,국도주차장,전주시 국도주차장,127.1431165,35.8186961,전라북도,전주시,완산구,고사동,409-7,,전라북도 전주시 완산구 전주객사3길 26-15
주차장,IBK기업은행 민영주차장,전주시 IBK기업은행 민영주차장,127.146959,35.8173201,전라북도,전주시,완산구,경원동1가,106,,전라북도 전주시 완산구 경원동1가 팔달로 163
주차장,크리스탈 주차장,전주시 크리스탈 주차장,127.1275177,35.8054257,전라북도,전주시,완산구,효자동1가,202-2,,전라북도 전주시 완산구 효자동1가 효동2길 9
주차장,해피트리 민영주차장,전주시 해피트리 민영주차장,127.1343073,35.8293872,전라북도,전주시,덕진구,진북동,416-12,,전라북도 전주시 덕진구 벚꽃로 55
주차장,하나주차장,전주시 하나주차장,127.130261,35.8380593,전라북도,전주시,덕진구,금암동,752-1,,전라북도 전주시 덕진구 떡전5길 17
주차장,전주삼천신협 주차장,전주시 전주삼천신협 주차장,127.1198797,35.7980765,전라북도,전주시,완산구,삼천동1가,208-1,,전라북도 전주시 완산구 삼천동1가 용리로 92
주차장,롯데슈터효자점 주차장,전주시 롯데슈터효자점 주차장,127.1265232,35.8054167,전라북도,전주시,완산구,효자동1가,197-2,,전라북도 전주시 완산구 효자동1가 효동2길 8
주차장,할리스 주차장,전주시 할리스 주차장,127.1412554,35.8207252,전라북도,전주시,완산구,고사동,321-4,,전라북도 전주시 완산구 전주객사3길 81
주차장,동아유료주차장,전주시 동아유료주차장,127.1221084,35.8057243,전라북도,전주시,완산구,효자동1가,548,,전라북도 전주시 완산구 효자동1가 용머리로 110
주차장,뱅뱅유료주차장,전주시 뱅뱅유료주차장,127.1319277,35.7938623,전라북도,전주시,완산구,평화동1가,707-7,,전라북도 전주시 완산구 평화동1가 모악로 4755
주차장,보화당 주차장,전주시 보화당 주차장,127.1429051,35.8148883,전라북도,전주시,완산구,다가동1가,01월 01일,,전라북도 전주시 완산구 다가동1가 전라감영로 32
주차장,전북_49하나쇼핑주차장,전주시 전북_49하나쇼핑주차장,127.0770935,35.8708512,전라북도,전주시,덕진구,여의동2가,701,,전라북도 전주시 덕진구 여의동2가 편운로 6
주차장,계성이지움빌딩 주차장,전주시 계성이지움빌딩 주차장,127.1064621,35.8155117,전라북도,전주시,완산구,효자동2가,1154-1,,전라북도 전주시 완산구 효자동2가 홍산로 246
주차장,우리은행 전주금융센터 주차장,전주시 우리은행 전주금융센터 주차장,127.1472715,35.8165589,전라북도,전주시,완산구,경원동1가,128-21,,전라북도 전주시 완산구 경원동1가 팔달로 159
주차장,영원주차장,전주시 영원주차장,127.1422352,35.8151314,전라북도,전주시,완산구,다가동1가,Jan-48,,전라북도 전주시 완산구 다가동1가 전라감영2길 5
주차장,샤인주차장,전주시 샤인주차장,127.0988838,35.8026277,전라북도,전주시,완산구,효자동2가,1214-11,,전라북도 전주시 완산구 효자동2가 천잠로 168
주차장,모악산한우 전용주차장,전주시 모악산한우 전용주차장,127.1302588,35.7910769,전라북도,전주시,완산구,평화동2가,852-5,,전라북도 전주시 완산구 평화동2가 맏내2길 13-8
주차장,전주 스카이락 민영주차장,전주시 전주 스카이락 민영주차장,127.1343073,35.8293872,전라북도,전주시,덕진구,진북동,416-12,,전라북도 전주시 덕진구 벚꽃로 55
주차장,에스디빌딩 주차장,전주시 에스디빌딩 주차장,127.1047215,35.8179444,전라북도,전주시,완산구,효자동2가,1231-10,,전라북도 전주시 완산구 효자동2가 홍산북로 29-5
주차장,전주영생교회 주차장,전주시 전주영생교회 주차장,127.1162709,35.7970281,전라북도,전주시,완산구,삼천동1가,287-11,,전라북도 전주시 완산구 삼천동1가 삼천천변2길 53
주차장,파크볼링장 전용주차장,전주시 파크볼링장 전용주차장,127.1220639,35.8457464,전라북도,전주시,덕진구,덕진동1가,1342-2,,전라북도 전주시 덕진구 덕진동1가 기린대로 526
주차장,지에스파크 전주누가빌딩주차장,전주시 지에스파크 전주누가빌딩주차장,127.1198797,35.7980765,전라북도,전주시,완산구,삼천동1가,208-1,,전라북도 전주시 완산구 삼천동1가 용리로 92
주차장,해피드림 민영주차장,전주시 해피드림 민영주차장,127.1198797,35.7980765,전라북도,전주시,완산구,삼천동1가,208-1,,전라북도 전주시 완산구 삼천동1가 용리로 92
주차장,안행유료주차장,전주시 안행유료주차장,127.1298452,35.8005989,전라북도,전주시,완산구,삼천동1가,736,,전라북도 전주시 완산구 삼천동1가 안행2길 5
주차장,동승빌딩 주차장,전주시 동승빌딩 주차장,127.1207274,35.8403568,전라북도,전주시,덕진구,덕진동1가,1442,,전라북도 전주시 덕진구 덕진동1가 사평로 32
주차장,전주전자상가상인회 주차장,전주시 전주전자상가상인회 주차장,127.1386873,35.8319533,전라북도,전주시,덕진구,진북동,368-3,,전라북도 전주시 덕진구 팔달로 350-5
주차장,지음빌딩 전용주차장,전주시 지음빌딩 전용주차장,127.1195252,35.8556854,전라북도,전주시,덕진구,송천동1가,380-11,,전라북도 전주시 덕진구 송천동1가 송천1길 9-19
주차장,명성교회 주차장,전주시 명성교회 주차장,127.128617,35.8014246,전라북도,전주시,완산구,삼천동1가,734-2,,전라북도 전주시 완산구 삼천동1가 안행2길 31
주차장,금성장례식장 주차장,전주시 금성장례식장 주차장,127.1047175,35.8691531,전라북도,전주시,덕진구,송천동2가,1082,,전라북도 전주시 덕진구 팔복동4가 추천로 427
주차장,안행유료주차장,전주시 안행유료주차장,127.1298452,35.8005989,전라북도,전주시,완산구,삼천동1가,736,,전라북도 전주시 완산구 삼천동1가 안행2길 5
주차장,삼삼국수 전용주차장,전주시 삼삼국수 전용주차장,127.1148254,35.7995753,전라북도,전주시,완산구,효자동1가,665-9,,전라북도 전주시 완산구 효자동1가 효자천변1길 36-10
주차장,서전빌딩 주차장,전주시 서전빌딩 주차장,127.1184987,35.8121774,전라북도,전주시,완산구,효자동1가,594-4,,전라북도 전주시 완산구 효자동1가 신봉4길 3
주차장,명성교회 2주차장,전주시 명성교회 2주차장,127.1287154,35.8013289,전라북도,전주시,완산구,삼천동1가,734-3,,전라북도 전주시 완산구 삼천동1가 안행2길 29-8
주차장,법조주차장,전주시 법조주차장,127.1214106,35.8383677,전라북도,전주시,덕진구,덕진동1가,1442,,전라북도 전주시 덕진구 덕진동1가 들사평1길 22-3
주차장,환영주차장,전주시 환영주차장,127.1310881,35.8374209,전라북도,전주시,덕진구,금암동,754-1,,전라북도 전주시 덕진구 전주천동로 503
주차장,제일시엔지에너지,전주시 제일시엔지에너지,127.120252,35.7836217,전라북도,전주시,완산구,평화동2가,834,,전라북도 전주시 완산구 평화동3가 난전들로 156-25
주차장,현대씨앤알,전주시 현대씨앤알,127.1468352,35.8242376,전라북도,전주시,완산구,서노송동,619-11,,전라북도 전주시 완산구 노송광장로 29
주차장,한국주차안전기술원,전주시 한국주차안전기술원,127.131841,35.8396399,전라북도,전주시,덕진구,금암동,669-2,,전라북도 전주시 덕진구 백제대로 566
주차장,코튼클럽전주점,전주시 코튼클럽전주점,127.1047215,35.8179444,전라북도,전주시,완산구,효자동2가,1231-10,,전라북도 전주시 완산구 효자동2가 홍산북로 29-5
주차장,대광주차장,전주시 대광주차장,127.0942262,35.9078166,전라북도,완주군,삼례읍,삼례리,1512-1,,전라북도 완주군 삼례읍 삼례나들목로 160
